{"v":"5.5.7","meta":{"g":"LottieFiles AE 0.1.21","a":"","k":"","d":"","tc":""},"fr":24,"ip":0,"op":81,"w":720,"h":720,"nm":"Food Preparation Loading Animation - Type C","ddd":0,"assets":[],"layers":[{"ddd":0,"ind":1,"ty":4,"nm":"chopping board","sr":1,"ks":{"o":{"a":0,"k":100,"ix":11},"r":{"a":0,"k":0,"ix":10},"p":{"a":0,"k":[360,361.5,0],"ix":2},"a":{"a":0,"k":[0,0,0],"ix":1},"s":{"a":0,"k":[100,100,100],"ix":6}},"ao":0,"shapes":[{"ty":"gr","it":[{"ind":0,"ty":"sh","ix":1,"ks":{"a":0,"k":{"i":[[0,0],[0,0]],"o":[[0,0],[0,0]],"v":[[-167,99],[163,99]],"c":false},"ix":2},"nm":"Path 1","mn":"ADBE Vector Shape - Group","hd":false},{"ty":"st","c":{"a":0,"k":[0.101960784314,0.101960784314,0.101960784314,1],"ix":3},"o":{"a":0,"k":100,"ix":4},"w":{"a":0,"k":7,"ix":5},"lc":1,"lj":1,"ml":4,"bm":0,"nm":"Stroke 1","mn":"ADBE Vector Graphic - Stroke","hd":false},{"ty":"tr","p":{"a":0,"k":[0,0],"ix":2},"a":{"a":0,"k":[0,0],"ix":1},"s":{"a":0,"k":[100,100],"ix":3},"r":{"a":0,"k":0,"ix":6},"o":{"a":0,"k":100,"ix":7},"sk":{"a":0,"k":0,"ix":4},"sa":{"a":0,"k":0,"ix":5},"nm":"Transform"}],"nm":"Shape 1","np":3,"cix":2,"bm":0,"ix":1,"mn":"ADBE Vector Group","hd":false}],"ip":0,"op":480,"st":0,"bm":0},{"ddd":0,"ind":2,"ty":3,"nm":"Null 4","parent":7,"sr":1,"ks":{"o":{"a":0,"k":0,"ix":11},"r":{"a":1,"k":[{"i":{"x":[0.667],"y":[1]},"o":{"x":[0.333],"y":[0]},"t":0,"s":[8]},{"i":{"x":[0.667],"y":[1]},"o":{"x":[0.889],"y":[0]},"t":11.111,"s":[46]},{"i":{"x":[0.667],"y":[1]},"o":{"x":[0.333],"y":[0]},"t":17.374,"s":[8]},{"i":{"x":[0.667],"y":[1]},"o":{"x":[0.889],"y":[0]},"t":23.636,"s":[46]},{"i":{"x":[0.667],"y":[1]},"o":{"x":[0.333],"y":[0]},"t":29.899,"s":[8]},{"i":{"x":[0.667],"y":[1]},"o":{"x":[0.889],"y":[0]},"t":36.162,"s":[46]},{"i":{"x":[0.667],"y":[1]},"o":{"x":[0.333],"y":[0]},"t":42.424,"s":[8]},{"i":{"x":[0.667],"y":[1]},"o":{"x":[0.889],"y":[0]},"t":48.688,"s":[46]},{"i":{"x":[0.667],"y":[1]},"o":{"x":[0.333],"y":[0]},"t":54.949,"s":[8]},{"i":{"x":[0.667],"y":[1]},"o":{"x":[0.889],"y":[0]},"t":61.212,"s":[46]},{"i":{"x":[0.667],"y":[1]},"o":{"x":[0.333],"y":[0]},"t":67.475,"s":[8]},{"i":{"x":[0.667],"y":[1]},"o":{"x":[0.889],"y":[0]},"t":73.737,"s":[46]},{"t":80,"s":[8]}],"ix":10},"p":{"a":0,"k":[30.349,52.206,0],"ix":2},"a":{"a":0,"k":[0,0,0],"ix":1},"s":{"a":0,"k":[100,100,100],"ix":6}},"ao":0,"ip":0,"op":480,"st":0,"bm":0},{"ddd":0,"ind":3,"ty":4,"nm":"right hand","parent":2,"sr":1,"ks":{"o":{"a":0,"k":100,"ix":11},"r":{"a":0,"k":0,"ix":10},"p":{"a":1,"k":[{"i":{"x":0.667,"y":1},"o":{"x":0.333,"y":0},"t":0,"s":[-176,-83,0],"to":[0,0,0],"ti":[0,0,0]},{"i":{"x":0.667,"y":1},"o":{"x":0.716,"y":0},"t":11.111,"s":[-245,-96,0],"to":[0,0,0],"ti":[0,0,0]},{"i":{"x":0.667,"y":0.846},"o":{"x":0.333,"y":0},"t":17.374,"s":[-176,-83,0],"to":[0,0,0],"ti":[19.632,-3.445,0]},{"i":{"x":0.667,"y":1},"o":{"x":0.333,"y":0.187},"t":20.505,"s":[-209.5,-116,0],"to":[-19.632,3.445,0],"ti":[0,0,0]},{"i":{"x":0.667,"y":1},"o":{"x":0.716,"y":0},"t":23.636,"s":[-245,-96,0],"to":[0,0,0],"ti":[0,0,0]},{"i":{"x":0.667,"y":0.846},"o":{"x":0.333,"y":0},"t":29.899,"s":[-176,-83,0],"to":[0,0,0],"ti":[19.632,-3.445,0]},{"i":{"x":0.667,"y":1},"o":{"x":0.333,"y":0.188},"t":33.03,"s":[-209.5,-116,0],"to":[-19.632,3.445,0],"ti":[0,0,0]},{"i":{"x":0.667,"y":1},"o":{"x":0.716,"y":0},"t":36.162,"s":[-245,-96,0],"to":[0,0,0],"ti":[0,0,0]},{"i":{"x":0.667,"y":0.846},"o":{"x":0.333,"y":0},"t":42.424,"s":[-176,-83,0],"to":[0,0,0],"ti":[19.632,-3.445,0]},{"i":{"x":0.667,"y":1},"o":{"x":0.333,"y":0.188},"t":45.556,"s":[-209.5,-116,0],"to":[-19.632,3.445,0],"ti":[0,0,0]},{"i":{"x":0.667,"y":1},"o":{"x":0.716,"y":0},"t":48.688,"s":[-245,-96,0],"to":[0,0,0],"ti":[0,0,0]},{"i":{"x":0.667,"y":0.846},"o":{"x":0.333,"y":0},"t":54.949,"s":[-176,-83,0],"to":[0,0,0],"ti":[19.632,-3.445,0]},{"i":{"x":0.667,"y":1},"o":{"x":0.333,"y":0.188},"t":58.08,"s":[-209.5,-116,0],"to":[-19.632,3.445,0],"ti":[0,0,0]},{"i":{"x":0.667,"y":1},"o":{"x":0.716,"y":0},"t":61.212,"s":[-245,-96,0],"to":[0,0,0],"ti":[0,0,0]},{"i":{"x":0.667,"y":0.846},"o":{"x":0.333,"y":0},"t":67.475,"s":[-176,-83,0],"to":[0,0,0],"ti":[19.632,-3.445,0]},{"i":{"x":0.667,"y":1},"o":{"x":0.333,"y":0.187},"t":70.606,"s":[-209.5,-116,0],"to":[-19.632,3.445,0],"ti":[0,0,0]},{"i":{"x":0.667,"y":1},"o":{"x":0.716,"y":0},"t":73.737,"s":[-245,-96,0],"to":[0,0,0],"ti":[0,0,0]},{"t":80,"s":[-176,-83,0]}],"ix":2},"a":{"a":0,"k":[-190,14,0],"ix":1},"s":{"a":0,"k":[100,100,100],"ix":6}},"ao":0,"shapes":[{"ty":"gr","it":[{"ind":0,"ty":"sh","ix":1,"ks":{"a":1,"k":[{"i":{"x":0.667,"y":1},"o":{"x":0.333,"y":0},"t":0,"s":[{"i":[[0,0],[0,0],[-8.345,1.139],[0,0],[-6.5,1.5],[-1.105,4.594],[0,0],[-8.75,-12.25],[-2.502,4.17],[0,0],[-8,-9.5],[1.347,6.633],[0,0]],"o":[[0,0],[0,0],[8.345,-1.139],[0,0],[2.952,-0.681],[1.328,-5.521],[0,0],[2.826,3.957],[2.642,-4.403],[0,0],[3.995,4.744],[-6.5,-32],[0,0]],"v":[[-208.5,39],[-195,76.5],[-182.095,82.639],[-179.75,76.5],[-165.25,85.5],[-157.876,81.661],[-161,70.331],[-149.25,82.831],[-138.893,81.657],[-138,69.244],[-127.25,83.244],[-115.25,72.744],[-143,13.244]],"c":false}]},{"i":{"x":0.667,"y":1},"o":{"x":0.333,"y":0},"t":11.111,"s":[{"i":[[0,0],[0,0],[-8.345,1.139],[0,0],[-6.5,1.5],[-1.105,4.594],[0,0],[-8.75,-12.25],[-2.502,4.17],[0,0],[-8,-9.5],[1.347,6.633],[0,0]],"o":[[0,0],[0,0],[8.345,-1.139],[0,0],[2.952,-0.681],[1.328,-5.521],[0,0],[2.826,3.957],[2.642,-4.403],[0,0],[3.995,4.744],[-6.5,-32],[0,0]],"v":[[-208.5,36],[-195,76.5],[-182.095,82.639],[-179.25,68.5],[-165.25,85.5],[-157.876,81.661],[-160.5,62.331],[-149.25,82.831],[-138.893,81.657],[-137.5,63.244],[-127.25,83.244],[-115.25,72.744],[-142.873,14.211]],"c":false}]},{"i":{"x":0.667,"y":1},"o":{"x":0.333,"y":0},"t":17.374,"s":[{"i":[[0,0],[0,0],[-8.345,1.139],[0,0],[-6.5,1.5],[-1.105,4.594],[0,0],[-8.75,-12.25],[-2.502,4.17],[0,0],[-8,-9.5],[1.347,6.633],[0,0]],"o":[[0,0],[0,0],[8.345,-1.139],[0,0],[2.952,-0.681],[1.328,-5.521],[0,0],[2.826,3.957],[2.642,-4.403],[0,0],[3.995,4.744],[-6.5,-32],[0,0]],"v":[[-208.5,39],[-195,76.5],[-182.095,82.639],[-179.75,76.5],[-165.25,85.5],[-157.876,81.661],[-161,70.331],[-149.25,82.831],[-138.893,81.657],[-138,69.244],[-127.25,83.244],[-115.25,72.744],[-143,13.244]],"c":false}]},{"i":{"x":0.667,"y":1},"o":{"x":0.333,"y":0},"t":23.636,"s":[{"i":[[0,0],[0,0],[-8.345,1.139],[0,0],[-6.5,1.5],[-1.105,4.594],[0,0],[-8.75,-12.25],[-2.502,4.17],[0,0],[-8,-9.5],[1.347,6.633],[0,0]],"o":[[0,0],[0,0],[8.345,-1.139],[0,0],[2.952,-0.681],[1.328,-5.521],[0,0],[2.826,3.957],[2.642,-4.403],[0,0],[3.995,4.744],[-6.5,-32],[0,0]],"v":[[-208.5,36],[-195,76.5],[-182.095,82.639],[-179.25,68.5],[-165.25,85.5],[-157.876,81.661],[-160.5,62.331],[-149.25,82.831],[-138.893,81.657],[-137.5,63.244],[-127.25,83.244],[-115.25,72.744],[-142.873,14.211]],"c":false}]},{"i":{"x":0.667,"y":1},"o":{"x":0.333,"y":0},"t":29.899,"s":[{"i":[[0,0],[0,0],[-8.345,1.139],[0,0],[-6.5,1.5],[-1.105,4.594],[0,0],[-8.75,-12.25],[-2.502,4.17],[0,0],[-8,-9.5],[1.347,6.633],[0,0]],"o":[[0,0],[0,0],[8.345,-1.139],[0,0],[2.952,-0.681],[1.328,-5.521],[0,0],[2.826,3.957],[2.642,-4.403],[0,0],[3.995,4.744],[-6.5,-32],[0,0]],"v":[[-208.5,39],[-195,76.5],[-182.095,82.639],[-179.75,76.5],[-165.25,85.5],[-157.876,81.661],[-161,70.331],[-149.25,82.831],[-138.893,81.657],[-138,69.244],[-127.25,83.244],[-115.25,72.744],[-143,10.744]],"c":false}]},{"i":{"x":0.667,"y":1},"o":{"x":0.333,"y":0},"t":36.162,"s":[{"i":[[0,0],[0,0],[-8.345,1.139],[0,0],[-6.5,1.5],[-1.105,4.594],[0,0],[-8.75,-12.25],[-2.502,4.17],[0,0],[-8,-9.5],[1.347,6.633],[0,0]],"o":[[0,0],[0,0],[8.345,-1.139],[0,0],[2.952,-0.681],[1.328,-5.521],[0,0],[2.826,3.957],[2.642,-4.403],[0,0],[3.995,4.744],[-6.5,-32],[0,0]],"v":[[-208.5,36],[-195,76.5],[-182.095,82.639],[-179.25,68.5],[-165.25,85.5],[-157.876,81.661],[-160.5,62.331],[-149.25,82.831],[-138.893,81.657],[-137.5,63.244],[-127.25,83.244],[-115.25,72.744],[-142.873,14.211]],"c":false}]},{"i":{"x":0.667,"y":1},"o":{"x":0.333,"y":0},"t":42.424,"s":[{"i":[[0,0],[0,0],[-8.345,1.139],[0,0],[-6.5,1.5],[-1.105,4.594],[0,0],[-8.75,-12.25],[-2.502,4.17],[0,0],[-8,-9.5],[1.347,6.633],[0,0]],"o":[[0,0],[0,0],[8.345,-1.139],[0,0],[2.952,-0.681],[1.328,-5.521],[0,0],[2.826,3.957],[2.642,-4.403],[0,0],[3.995,4.744],[-6.5,-32],[0,0]],"v":[[-208.5,39],[-195,76.5],[-182.095,82.639],[-179.75,76.5],[-165.25,85.5],[-157.876,81.661],[-161,70.331],[-149.25,82.831],[-138.893,81.657],[-138,69.244],[-127.25,83.244],[-115.25,72.744],[-143,10.744]],"c":false}]},{"i":{"x":0.667,"y":1},"o":{"x":0.333,"y":0},"t":48.688,"s":[{"i":[[0,0],[0,0],[-8.345,1.139],[0,0],[-6.5,1.5],[-1.105,4.594],[0,0],[-8.75,-12.25],[-2.502,4.17],[0,0],[-8,-9.5],[1.347,6.633],[0,0]],"o":[[0,0],[0,0],[8.345,-1.139],[0,0],[2.952,-0.681],[1.328,-5.521],[0,0],[2.826,3.957],[2.642,-4.403],[0,0],[3.995,4.744],[-6.5,-32],[0,0]],"v":[[-208.5,36],[-195,76.5],[-182.095,82.639],[-179.25,68.5],[-165.25,85.5],[-157.876,81.661],[-160.5,62.331],[-149.25,82.831],[-138.893,81.657],[-137.5,63.244],[-127.25,83.244],[-115.25,72.744],[-142.873,14.211]],"c":false}]},{"i":{"x":0.667,"y":1},"o":{"x":0.333,"y":0},"t":54.949,"s":[{"i":[[0,0],[0,0],[-8.345,1.139],[0,0],[-6.5,1.5],[-1.105,4.594],[0,0],[-8.75,-12.25],[-2.502,4.17],[0,0],[-8,-9.5],[1.347,6.633],[0,0]],"o":[[0,0],[0,0],[8.345,-1.139],[0,0],[2.952,-0.681],[1.328,-5.521],[0,0],[2.826,3.957],[2.642,-4.403],[0,0],[3.995,4.744],[-6.5,-32],[0,0]],"v":[[-208.5,39],[-195,76.5],[-182.095,82.639],[-179.75,76.5],[-165.25,85.5],[-157.876,81.661],[-161,70.331],[-149.25,82.831],[-138.893,81.657],[-138,69.244],[-127.25,83.244],[-115.25,72.744],[-143,10.744]],"c":false}]},{"i":{"x":0.667,"y":1},"o":{"x":0.333,"y":0},"t":61.212,"s":[{"i":[[0,0],[0,0],[-8.345,1.139],[0,0],[-6.5,1.5],[-1.105,4.594],[0,0],[-8.75,-12.25],[-2.502,4.17],[0,0],[-8,-9.5],[1.347,6.633],[0,0]],"o":[[0,0],[0,0],[8.345,-1.139],[0,0],[2.952,-0.681],[1.328,-5.521],[0,0],[2.826,3.957],[2.642,-4.403],[0,0],[3.995,4.744],[-6.5,-32],[0,0]],"v":[[-208.5,36],[-195,76.5],[-182.095,82.639],[-179.25,68.5],[-165.25,85.5],[-157.876,81.661],[-160.5,62.331],[-149.25,82.831],[-138.893,81.657],[-137.5,63.244],[-127.25,83.244],[-115.25,72.744],[-142.873,14.211]],"c":false}]},{"i":{"x":0.667,"y":1},"o":{"x":0.333,"y":0},"t":67.475,"s":[{"i":[[0,0],[0,0],[-8.345,1.139],[0,0],[-6.5,1.5],[-1.105,4.594],[0,0],[-8.75,-12.25],[-2.502,4.17],[0,0],[-8,-9.5],[1.347,6.633],[0,0]],"o":[[0,0],[0,0],[8.345,-1.139],[0,0],[2.952,-0.681],[1.328,-5.521],[0,0],[2.826,3.957],[2.642,-4.403],[0,0],[3.995,4.744],[-6.5,-32],[0,0]],"v":[[-208.5,39],[-195,76.5],[-182.095,82.639],[-179.75,76.5],[-165.25,85.5],[-157.876,81.661],[-161,70.331],[-149.25,82.831],[-138.893,81.657],[-138,69.244],[-127.25,83.244],[-115.25,72.744],[-143,10.744]],"c":false}]},{"i":{"x":0.667,"y":1},"o":{"x":0.333,"y":0},"t":73.737,"s":[{"i":[[0,0],[0,0],[-8.345,1.139],[0,0],[-6.5,1.5],[-1.105,4.594],[0,0],[-8.75,-12.25],[-2.502,4.17],[0,0],[-8,-9.5],[1.347,6.633],[0,0]],"o":[[0,0],[0,0],[8.345,-1.139],[0,0],[2.952,-0.681],[1.328,-5.521],[0,0],[2.826,3.957],[2.642,-4.403],[0,0],[3.995,4.744],[-6.5,-32],[0,0]],"v":[[-208.5,36],[-195,76.5],[-182.095,82.639],[-179.25,68.5],[-165.25,85.5],[-157.876,81.661],[-160.5,62.331],[-149.25,82.831],[-138.893,81.657],[-137.5,63.244],[-127.25,83.244],[-115.25,72.744],[-142.873,14.211]],"c":false}]},{"t":80,"s":[{"i":[[0,0],[0,0],[-8.345,1.139],[0,0],[-6.5,1.5],[-1.105,4.594],[0,0],[-8.75,-12.25],[-2.502,4.17],[0,0],[-8,-9.5],[1.347,6.633],[0,0]],"o":[[0,0],[0,0],[8.345,-1.139],[0,0],[2.952,-0.681],[1.328,-5.521],[0,0],[2.826,3.957],[2.642,-4.403],[0,0],[3.995,4.744],[-6.5,-32],[0,0]],"v":[[-208.5,39],[-195,76.5],[-182.095,82.639],[-179.75,76.5],[-165.25,85.5],[-157.876,81.661],[-161,70.331],[-149.25,82.831],[-138.893,81.657],[-138,69.244],[-127.25,83.244],[-115.25,72.744],[-143,10.744]],"c":false}]}],"ix":2},"nm":"Path 1","mn":"ADBE Vector Shape - Group","hd":false},{"ty":"st","c":{"a":0,"k":[0.101960784314,0.101960784314,0.101960784314,1],"ix":3},"o":{"a":0,"k":100,"ix":4},"w":{"a":0,"k":7,"ix":5},"lc":2,"lj":2,"bm":0,"nm":"Stroke 1","mn":"ADBE Vector Graphic - Stroke","hd":false},{"ty":"fl","c":{"a":0,"k":[1,1,1,1],"ix":4},"o":{"a":0,"k":100,"ix":5},"r":1,"bm":0,"nm":"Fill 1","mn":"ADBE Vector Graphic - Fill","hd":false},{"ty":"tr","p":{"a":0,"k":[0,11],"ix":2},"a":{"a":0,"k":[0,0],"ix":1},"s":{"a":0,"k":[100,100],"ix":3},"r":{"a":0,"k":0,"ix":6},"o":{"a":0,"k":100,"ix":7},"sk":{"a":0,"k":0,"ix":4},"sa":{"a":0,"k":0,"ix":5},"nm":"Transform"}],"nm":"Shape 1","np":3,"cix":2,"bm":0,"ix":1,"mn":"ADBE Vector Group","hd":false}],"ip":0,"op":480,"st":0,"bm":0},{"ddd":0,"ind":4,"ty":4,"nm":"chopped pieces","sr":1,"ks":{"o":{"a":0,"k":100,"ix":11},"r":{"a":0,"k":0,"ix":10},"p":{"a":0,"k":[360,362.5,0],"ix":2},"a":{"a":0,"k":[0,0,0],"ix":1},"s":{"a":0,"k":[100,100,100],"ix":6}},"ao":0,"shapes":[{"ty":"gr","it":[{"ind":0,"ty":"sh","ix":1,"ks":{"a":0,"k":{"i":[[0,0],[0,0]],"o":[[0,0],[0,0]],"v":[[6.5,77],[1.5,91]],"c":false},"ix":2},"nm":"Path 1","mn":"ADBE Vector Shape - Group","hd":false},{"ty":"st","c":{"a":0,"k":[1,0.364705882353,0.141176470588,1],"ix":3},"o":{"a":0,"k":100,"ix":4},"w":{"a":0,"k":10,"ix":5},"lc":1,"lj":1,"ml":4,"bm":0,"nm":"Stroke 1","mn":"ADBE Vector Graphic - Stroke","hd":false},{"ty":"tr","p":{"a":0,"k":[0,0],"ix":2},"a":{"a":0,"k":[0,0],"ix":1},"s":{"a":0,"k":[100,100],"ix":3},"r":{"a":0,"k":0,"ix":6},"o":{"a":0,"k":100,"ix":7},"sk":{"a":0,"k":0,"ix":4},"sa":{"a":0,"k":0,"ix":5},"nm":"Transform"}],"nm":"Shape 13","np":3,"cix":2,"bm":0,"ix":1,"mn":"ADBE Vector Group","hd":false},{"ty":"gr","it":[{"ind":0,"ty":"sh","ix":1,"ks":{"a":0,"k":{"i":[[0,0],[0,0],[0,0],[0,0],[0,0],[0,0],[0,0],[0,0]],"o":[[0,0],[0,0],[0,0],[0,0],[0,0],[0,0],[0,0],[0,0]],"v":[[-61.25,77],[-46.75,91.875],[-22.25,75],[-24.625,90.5],[20.873,87.195],[18,77.5],[30.375,92.375],[46.75,91.25]],"c":false},"ix":2},"nm":"Path 1","mn":"ADBE Vector Shape - Group","hd":false},{"ty":"st","c":{"a":0,"k":[1,0.364705882353,0.141176470588,1],"ix":3},"o":{"a":0,"k":100,"ix":4},"w":{"a":0,"k":10,"ix":5},"lc":1,"lj":3,"bm":0,"nm":"Stroke 1","mn":"ADBE Vector Graphic - Stroke","hd":false},{"ty":"tr","p":{"a":0,"k":[-2,2.5],"ix":2},"a":{"a":0,"k":[0,0],"ix":1},"s":{"a":0,"k":[100,100],"ix":3},"r":{"a":0,"k":0,"ix":6},"o":{"a":0,"k":100,"ix":7},"sk":{"a":0,"k":0,"ix":4},"sa":{"a":0,"k":0,"ix":5},"nm":"Transform"}],"nm":"Shape 12","np":3,"cix":2,"bm":0,"ix":2,"mn":"ADBE Vector Group","hd":false},{"ty":"gr","it":[{"ind":0,"ty":"sh","ix":1,"ks":{"a":0,"k":{"i":[[0,0],[0,0],[0,0]],"o":[[0,0],[0,0],[0,0]],"v":[[-73.5,92.5],[-50,92.5],[-43.5,74.75]],"c":false},"ix":2},"nm":"Path 1","mn":"ADBE Vector Shape - Group","hd":false},{"ty":"st","c":{"a":0,"k":[1,0.364705882353,0.141176470588,1],"ix":3},"o":{"a":0,"k":100,"ix":4},"w":{"a":0,"k":10,"ix":5},"lc":1,"lj":3,"bm":0,"nm":"Stroke 1","mn":"ADBE Vector Graphic - Stroke","hd":false},{"ty":"tr","p":{"a":0,"k":[0,0],"ix":2},"a":{"a":0,"k":[0,0],"ix":1},"s":{"a":0,"k":[100,100],"ix":3},"r":{"a":0,"k":0,"ix":6},"o":{"a":0,"k":100,"ix":7},"sk":{"a":0,"k":0,"ix":4},"sa":{"a":0,"k":0,"ix":5},"nm":"Transform"}],"nm":"Shape 11","np":3,"cix":2,"bm":0,"ix":3,"mn":"ADBE Vector Group","hd":false},{"ty":"gr","it":[{"ind":0,"ty":"sh","ix":1,"ks":{"a":0,"k":{"i":[[0,0],[0,0],[0,0],[0,0]],"o":[[0,0],[0,0],[0,0],[0,0]],"v":[[-29.5,85],[-10,81],[-13.25,71.25],[-5.25,86]],"c":false},"ix":2},"nm":"Path 1","mn":"ADBE Vector Shape - Group","hd":false},{"ty":"st","c":{"a":0,"k":[1,0.364705882353,0.141176470588,1],"ix":3},"o":{"a":0,"k":100,"ix":4},"w":{"a":0,"k":10,"ix":5},"lc":1,"lj":3,"bm":0,"nm":"Stroke 1","mn":"ADBE Vector Graphic - Stroke","hd":false},{"ty":"tr","p":{"a":0,"k":[0,0],"ix":2},"a":{"a":0,"k":[0,0],"ix":1},"s":{"a":0,"k":[100,100],"ix":3},"r":{"a":0,"k":0,"ix":6},"o":{"a":0,"k":100,"ix":7},"sk":{"a":0,"k":0,"ix":4},"sa":{"a":0,"k":0,"ix":5},"nm":"Transform"}],"nm":"Shape 10","np":3,"cix":2,"bm":0,"ix":4,"mn":"ADBE Vector Group","hd":false},{"ty":"gr","it":[{"ind":0,"ty":"sh","ix":1,"ks":{"a":0,"k":{"i":[[0,0],[0,0]],"o":[[0,0],[0,0]],"v":[[-43.5,91],[28.5,91]],"c":false},"ix":2},"nm":"Path 1","mn":"ADBE Vector Shape - Group","hd":false},{"ty":"st","c":{"a":0,"k":[1,0.364705882353,0.141176470588,1],"ix":3},"o":{"a":0,"k":100,"ix":4},"w":{"a":0,"k":10,"ix":5},"lc":1,"lj":3,"bm":0,"nm":"Stroke 1","mn":"ADBE Vector Graphic - Stroke","hd":false},{"ty":"tr","p":{"a":0,"k":[0,0],"ix":2},"a":{"a":0,"k":[0,0],"ix":1},"s":{"a":0,"k":[100,100],"ix":3},"r":{"a":0,"k":0,"ix":6},"o":{"a":0,"k":100,"ix":7},"sk":{"a":0,"k":0,"ix":4},"sa":{"a":0,"k":0,"ix":5},"nm":"Transform"}],"nm":"Shape 2","np":3,"cix":2,"bm":0,"ix":5,"mn":"ADBE Vector Group","hd":false}],"ip":0,"op":480,"st":0,"bm":0},{"ddd":0,"ind":5,"ty":4,"nm":"knife","parent":3,"sr":1,"ks":{"o":{"a":0,"k":100,"ix":11},"r":{"a":0,"k":0,"ix":10},"p":{"a":0,"k":[-163,68,0],"ix":2},"a":{"a":0,"k":[-122,102,0],"ix":1},"s":{"a":0,"k":[100,100,100],"ix":6}},"ao":0,"shapes":[{"ty":"gr","it":[{"ind":0,"ty":"sh","ix":1,"ks":{"a":0,"k":{"i":[[0,0],[0,0],[0,0],[-50.516,9.905]],"o":[[0,0],[0,0],[0,0],[51,-10]],"v":[[128,98],[-81.169,97.779],[-69.711,140.771],[76,136]],"c":true},"ix":2},"nm":"Path 1","mn":"ADBE Vector Shape - Group","hd":false},{"ty":"tm","s":{"a":0,"k":0,"ix":1},"e":{"a":0,"k":38,"ix":2},"o":{"a":0,"k":-166,"ix":3},"m":1,"ix":2,"nm":"Trim Paths 1","mn":"ADBE Vector Filter - Trim","hd":false},{"ty":"st","c":{"a":0,"k":[0.101960784314,0.101960784314,0.101960784314,1],"ix":3},"o":{"a":0,"k":100,"ix":4},"w":{"a":0,"k":7,"ix":5},"lc":1,"lj":1,"ml":4,"bm":0,"nm":"Stroke 1","mn":"ADBE Vector Graphic - Stroke","hd":false},{"ty":"fl","c":{"a":0,"k":[1,1,1,1],"ix":4},"o":{"a":0,"k":100,"ix":5},"r":1,"bm":0,"nm":"Fill 1","mn":"ADBE Vector Graphic - Fill","hd":false},{"ty":"tr","p":{"a":0,"k":[0,-23.844],"ix":2},"a":{"a":0,"k":[0,0],"ix":1},"s":{"a":0,"k":[100,100],"ix":3},"r":{"a":0,"k":0,"ix":6},"o":{"a":0,"k":100,"ix":7},"sk":{"a":0,"k":0,"ix":4},"sa":{"a":0,"k":0,"ix":5},"nm":"Transform"}],"nm":"Shape 2","np":4,"cix":2,"bm":0,"ix":1,"mn":"ADBE Vector Group","hd":false},{"ty":"gr","it":[{"ind":0,"ty":"sh","ix":1,"ks":{"a":0,"k":{"i":[[0,0],[0,0],[0,0],[-50.516,9.905]],"o":[[0,0],[0,0],[0,0],[51,-10]],"v":[[128,98],[-81.169,97.779],[-69.711,140.771],[76,136]],"c":true},"ix":2},"nm":"Path 1","mn":"ADBE Vector Shape - Group","hd":false},{"ty":"st","c":{"a":0,"k":[0.101960784314,0.101960784314,0.101960784314,1],"ix":3},"o":{"a":0,"k":100,"ix":4},"w":{"a":0,"k":7,"ix":5},"lc":1,"lj":1,"ml":4,"bm":0,"nm":"Stroke 1","mn":"ADBE Vector Graphic - Stroke","hd":false},{"ty":"fl","c":{"a":0,"k":[1,1,1,1],"ix":4},"o":{"a":0,"k":100,"ix":5},"r":1,"bm":0,"nm":"Fill 1","mn":"ADBE Vector Graphic - Fill","hd":false},{"ty":"tr","p":{"a":0,"k":[0,-9],"ix":2},"a":{"a":0,"k":[0,0],"ix":1},"s":{"a":0,"k":[100,100],"ix":3},"r":{"a":0,"k":0,"ix":6},"o":{"a":0,"k":100,"ix":7},"sk":{"a":0,"k":0,"ix":4},"sa":{"a":0,"k":0,"ix":5},"nm":"Transform"}],"nm":"Shape 1","np":3,"cix":2,"bm":0,"ix":2,"mn":"ADBE Vector Group","hd":false},{"ty":"gr","it":[{"ty":"rc","d":1,"s":{"a":0,"k":[103,20],"ix":2},"p":{"a":0,"k":[0,0],"ix":3},"r":{"a":0,"k":20,"ix":4},"nm":"Rectangle Path 1","mn":"ADBE Vector Shape - Rect","hd":false},{"ty":"st","c":{"a":0,"k":[0.101960784314,0.101960784314,0.101960784314,1],"ix":3},"o":{"a":0,"k":100,"ix":4},"w":{"a":0,"k":7,"ix":5},"lc":1,"lj":1,"ml":4,"bm":0,"nm":"Stroke 1","mn":"ADBE Vector Graphic - Stroke","hd":false},{"ty":"fl","c":{"a":0,"k":[0.101960784314,0.101960784314,0.101960784314,1],"ix":4},"o":{"a":0,"k":100,"ix":5},"r":1,"bm":0,"nm":"Fill 1","mn":"ADBE Vector Graphic - Fill","hd":false},{"ty":"tr","p":{"a":0,"k":[-129.909,97],"ix":2},"a":{"a":0,"k":[0,0],"ix":1},"s":{"a":0,"k":[100,100],"ix":3},"r":{"a":0,"k":0,"ix":6},"o":{"a":0,"k":100,"ix":7},"sk":{"a":0,"k":0,"ix":4},"sa":{"a":0,"k":0,"ix":5},"nm":"Transform"}],"nm":"Rectangle 1","np":3,"cix":2,"bm":0,"ix":3,"mn":"ADBE Vector Group","hd":false}],"ip":0,"op":480,"st":0,"bm":0},{"ddd":0,"ind":6,"ty":4,"nm":"thumb","parent":3,"sr":1,"ks":{"o":{"a":0,"k":100,"ix":11},"r":{"a":0,"k":0,"ix":10},"p":{"a":0,"k":[-11,0,0],"ix":2},"a":{"a":0,"k":[0,0,0],"ix":1},"s":{"a":0,"k":[100,100,100],"ix":6}},"ao":0,"shapes":[{"ty":"gr","it":[{"ind":0,"ty":"sh","ix":1,"ks":{"a":0,"k":{"i":[[0,0],[-10.115,-4.804],[0,0],[-19,-10.5],[14.568,7.535],[0,0],[0,0],[0,0],[0,0]],"o":[[0,0],[10.238,4.863],[0,0],[5.288,2.922],[-14.5,-7.5],[0,0],[0,0],[0,0],[0,0]],"v":[[-161,11],[-132.5,22],[-109.5,39],[-82.5,63.5],[-101,73],[-139,48.5],[-163.5,52.5],[-178,67],[-191.5,69.5]],"c":false},"ix":2},"nm":"Path 1","mn":"ADBE Vector Shape - Group","hd":false},{"ty":"st","c":{"a":0,"k":[0.101960784314,0.101960784314,0.101960784314,1],"ix":3},"o":{"a":0,"k":100,"ix":4},"w":{"a":0,"k":7,"ix":5},"lc":2,"lj":1,"ml":4,"bm":0,"nm":"Stroke 1","mn":"ADBE Vector Graphic - Stroke","hd":false},{"ty":"fl","c":{"a":0,"k":[1,1,1,1],"ix":4},"o":{"a":0,"k":100,"ix":5},"r":1,"bm":0,"nm":"Fill 1","mn":"ADBE Vector Graphic - Fill","hd":false},{"ty":"tr","p":{"a":0,"k":[0,0],"ix":2},"a":{"a":0,"k":[0,0],"ix":1},"s":{"a":0,"k":[100,100],"ix":3},"r":{"a":0,"k":0,"ix":6},"o":{"a":0,"k":100,"ix":7},"sk":{"a":0,"k":0,"ix":4},"sa":{"a":0,"k":0,"ix":5},"nm":"Transform"}],"nm":"Shape 1","np":3,"cix":2,"bm":0,"ix":1,"mn":"ADBE Vector Group","hd":false}],"ip":0,"op":480,"st":0,"bm":0},{"ddd":0,"ind":7,"ty":4,"nm":"left hand","sr":1,"ks":{"o":{"a":0,"k":100,"ix":11},"r":{"a":1,"k":[{"i":{"x":[0.667],"y":[1]},"o":{"x":[0.333],"y":[0]},"t":0,"s":[-8]},{"i":{"x":[0.667],"y":[1]},"o":{"x":[0.333],"y":[0]},"t":11.111,"s":[1]},{"t":80,"s":[-8]}],"ix":10},"p":{"a":1,"k":[{"i":{"x":0.203,"y":0},"o":{"x":0.333,"y":0},"t":0,"s":[452,428,0],"to":[0,0,0],"ti":[9.5,0.5,0]},{"i":{"x":0.667,"y":1},"o":{"x":1,"y":0.826},"t":5.556,"s":[440,424,0],"to":[-9.5,-0.5,0],"ti":[0,0,0]},{"i":{"x":0.667,"y":1},"o":{"x":0.333,"y":0},"t":11.111,"s":[420,428,0],"to":[0,0,0],"ti":[0,0,0]},{"t":80,"s":[452,428,0]}],"ix":2},"a":{"a":0,"k":[45,27,0],"ix":1},"s":{"a":1,"k":[{"i":{"x":[0.667,0.667,0.667],"y":[1,1,1]},"o":{"x":[0.333,0.333,0.333],"y":[0,0,0]},"t":0,"s":[100,100,100]},{"i":{"x":[0.667,0.667,0.667],"y":[1,1,1]},"o":{"x":[0.333,0.333,0.333],"y":[0,0,0]},"t":7.777,"s":[98,114,100]},{"i":{"x":[0.667,0.667,0.667],"y":[1,1,1]},"o":{"x":[0.333,0.333,0.333],"y":[0,0,0]},"t":13.333,"s":[102,99,100]},{"i":{"x":[0.667,0.667,0.667],"y":[1,1,1]},"o":{"x":[0.167,0.167,0.167],"y":[0,0,0]},"t":17.777,"s":[100,100,100]},{"t":80,"s":[100,100,100]}],"ix":6}},"ao":0,"shapes":[{"ty":"gr","it":[{"ind":0,"ty":"sh","ix":1,"ks":{"a":1,"k":[{"i":{"x":0.667,"y":1},"o":{"x":0.333,"y":0},"t":0,"s":[{"i":[[0,0],[0,0],[0.84,-9.18],[-0.75,-14],[-0.625,2.263],[0,0],[0,0],[0,0],[0,0],[-1.501,2.174],[0,0],[0,0],[0,0],[0,0],[-1.629,2.26],[0,0],[0,0],[0,0],[0,0],[-1.684,1.858],[0,0],[0,0],[-4.5,6]],"o":[[0,0],[0,0],[-1.179,12.891],[0.137,2.563],[3.709,-13.439],[0,0],[0,0],[0,0],[0,0],[5.152,-7.459],[0,0],[0,0],[0,0],[0,0],[3.849,-5.339],[0,0],[0,0],[0,0],[0,0],[4.56,-5.031],[0,0],[0,0],[4.5,-6]],"v":[[37.5,-32.5],[11,-16.75],[-0.406,6.526],[2.201,34.634],[11.242,36.073],[13.477,8.038],[26,-6.25],[18.158,6.313],[17.387,37.781],[27.015,41.788],[34.493,17.09],[46,-1.25],[34.913,19.486],[29.233,43.448],[37.472,44.852],[50.421,27.07],[61,10.771],[53.768,27.44],[42.092,45.084],[49.341,47.093],[65.405,34.328],[81.25,15.75],[95.5,-8.5]],"c":false}]},{"i":{"x":0.667,"y":1},"o":{"x":0.333,"y":0},"t":11.111,"s":[{"i":[[0,0],[0,0],[0.84,-9.18],[-0.75,-14],[-0.625,2.263],[0,0],[0,0],[0,0],[0,0],[-1.501,2.174],[0,0],[0,0],[0,0],[0,0],[-1.629,2.26],[-3.826,7.801],[0,0],[0,0],[0,0],[-1.684,1.858],[0,0],[0,0],[0.773,10.437]],"o":[[0,0],[0,0],[-1.179,12.891],[0.137,2.563],[3.709,-13.439],[0,0],[0,0],[0,0],[0,0],[5.152,-7.459],[0,0],[0,0],[0,0],[0,0],[3.849,-5.339],[5.655,-11.528],[0,0],[0,0],[0,0],[4.56,-5.031],[0,0],[0,0],[-0.554,-7.48]],"v":[[31.576,-29.643],[11,-16.75],[-2.864,3.617],[2.201,34.634],[11.242,36.073],[10.833,6.232],[16.742,-9.171],[12.353,4.427],[17.387,37.781],[25.182,39.211],[27.266,8.843],[37.631,-8.103],[26.516,7.414],[29.206,38.228],[37.445,39.632],[43.937,14.412],[53.414,-2.073],[46.806,14.929],[43.167,40.05],[50.416,42.059],[59.838,22.959],[70.636,10.107],[86.905,-12.669]],"c":false}]},{"t":80,"s":[{"i":[[0,0],[0,0],[0.84,-9.18],[-0.75,-14],[-0.625,2.263],[0,0],[0,0],[0,0],[0,0],[-1.501,2.174],[0,0],[0,0],[0,0],[0,0],[-1.629,2.26],[0,0],[0,0],[0,0],[0,0],[-1.684,1.858],[0,0],[0,0],[-4.5,6]],"o":[[0,0],[0,0],[-1.179,12.891],[0.137,2.563],[3.709,-13.439],[0,0],[0,0],[0,0],[0,0],[5.152,-7.459],[0,0],[0,0],[0,0],[0,0],[3.849,-5.339],[0,0],[0,0],[0,0],[0,0],[4.56,-5.031],[0,0],[0,0],[4.5,-6]],"v":[[37.5,-32.5],[11,-16.75],[-0.406,6.526],[2.201,34.634],[11.242,36.073],[13.477,8.038],[26,-6.25],[18.158,6.313],[17.387,37.781],[27.015,41.788],[34.493,17.09],[46,-1.25],[34.913,19.486],[29.233,43.448],[37.472,44.852],[50.421,27.07],[61,10.771],[53.768,27.44],[42.092,45.084],[49.341,47.093],[65.405,34.328],[81.25,15.75],[95.5,-8.5]],"c":false}]}],"ix":2},"nm":"Path 1","mn":"ADBE Vector Shape - Group","hd":false},{"ty":"st","c":{"a":0,"k":[0.101960784314,0.101960784314,0.101960784314,1],"ix":3},"o":{"a":0,"k":100,"ix":4},"w":{"a":0,"k":7,"ix":5},"lc":2,"lj":2,"bm":0,"nm":"Stroke 1","mn":"ADBE Vector Graphic - Stroke","hd":false},{"ty":"fl","c":{"a":0,"k":[1,1,1,1],"ix":4},"o":{"a":0,"k":100,"ix":5},"r":1,"bm":0,"nm":"Fill 1","mn":"ADBE Vector Graphic - Fill","hd":false},{"ty":"tr","p":{"a":0,"k":[0,0],"ix":2},"a":{"a":0,"k":[0,0],"ix":1},"s":{"a":0,"k":[100,100],"ix":3},"r":{"a":0,"k":0,"ix":6},"o":{"a":0,"k":100,"ix":7},"sk":{"a":0,"k":0,"ix":4},"sa":{"a":0,"k":0,"ix":5},"nm":"Transform"}],"nm":"Shape 1","np":3,"cix":2,"bm":0,"ix":1,"mn":"ADBE Vector Group","hd":false},{"ty":"gr","it":[{"ind":0,"ty":"sh","ix":1,"ks":{"a":1,"k":[{"i":{"x":0.667,"y":1},"o":{"x":0.333,"y":0},"t":0,"s":[{"i":[[0,0],[0,0],[0,0],[-0.5,-4.75],[-2.783,4.77],[0,0],[-5,2],[-7.5,0.5],[-11.5,2]],"o":[[0,0],[0,0],[0,0],[0.5,4.75],[3.5,-6],[0,0],[5,-2],[7.5,-0.5],[11.5,-2]],"v":[[36,-25],[7,-15.5],[-6,6.5],[-4.75,27.25],[4,26.25],[8.5,11.25],[26,3.5],[45.5,6.5],[70,11.5]],"c":false}]},{"i":{"x":0.667,"y":1},"o":{"x":0.167,"y":0},"t":11.111,"s":[{"i":[[0,0],[0,0],[0,0],[-0.5,-4.75],[-2.783,4.77],[0,0],[-5,2],[-7.5,0.5],[-11.5,2]],"o":[[0,0],[0,0],[0,0],[0.5,4.75],[3.5,-6],[0,0],[5,-2],[7.5,-0.5],[11.5,-2]],"v":[[24.556,-24.972],[7,-15.5],[-6,6.5],[-4.75,27.25],[4,26.25],[8.5,11.25],[26,3.5],[45.5,6.5],[70,11.5]],"c":false}]},{"t":80,"s":[{"i":[[0,0],[0,0],[0,0],[-0.5,-4.75],[-2.783,4.77],[0,0],[-5,2],[-7.5,0.5],[-11.5,2]],"o":[[0,0],[0,0],[0,0],[0.5,4.75],[3.5,-6],[0,0],[5,-2],[7.5,-0.5],[11.5,-2]],"v":[[36,-25],[7,-15.5],[-6,6.5],[-4.75,27.25],[4,26.25],[8.5,11.25],[26,3.5],[45.5,6.5],[70,11.5]],"c":false}]}],"ix":2},"nm":"Path 1","mn":"ADBE Vector Shape - Group","hd":false},{"ty":"st","c":{"a":0,"k":[0.101960784314,0.101960784314,0.101960784314,1],"ix":3},"o":{"a":0,"k":100,"ix":4},"w":{"a":0,"k":7,"ix":5},"lc":2,"lj":2,"bm":0,"nm":"Stroke 1","mn":"ADBE Vector Graphic - Stroke","hd":false},{"ty":"fl","c":{"a":0,"k":[1,1,1,1],"ix":4},"o":{"a":0,"k":100,"ix":5},"r":1,"bm":0,"nm":"Fill 1","mn":"ADBE Vector Graphic - Fill","hd":false},{"ty":"tr","p":{"a":0,"k":[0,0],"ix":2},"a":{"a":0,"k":[0,0],"ix":1},"s":{"a":0,"k":[100,100],"ix":3},"r":{"a":0,"k":0,"ix":6},"o":{"a":0,"k":100,"ix":7},"sk":{"a":0,"k":0,"ix":4},"sa":{"a":0,"k":0,"ix":5},"nm":"Transform"}],"nm":"Shape 2","np":3,"cix":2,"bm":0,"ix":2,"mn":"ADBE Vector Group","hd":false}],"ip":0,"op":480,"st":0,"bm":0},{"ddd":0,"ind":8,"ty":4,"nm":"carrot","sr":1,"ks":{"o":{"a":0,"k":100,"ix":11},"r":{"a":0,"k":-8.009,"ix":10},"p":{"a":0,"k":[403.164,451.167,0],"ix":2},"a":{"a":0,"k":[43.164,91.167,0],"ix":1},"s":{"a":0,"k":[100,100,100],"ix":6}},"ao":0,"shapes":[{"ty":"gr","it":[{"ind":0,"ty":"sh","ix":1,"ks":{"a":0,"k":{"i":[[36.308,-9.629],[0,0]],"o":[[-36.308,9.629],[0,0]],"v":[[120,90],[43,90]],"c":false},"ix":2},"nm":"Path 1","mn":"ADBE Vector Shape - Group","hd":false},{"ty":"st","c":{"a":0,"k":[1,0.364705882353,0.141176470588,1],"ix":3},"o":{"a":0,"k":100,"ix":4},"w":{"a":0,"k":26,"ix":5},"lc":2,"lj":1,"ml":4,"bm":0,"nm":"Stroke 1","mn":"ADBE Vector Graphic - Stroke","hd":false},{"ty":"tm","s":{"a":0,"k":100,"ix":1},"e":{"a":0,"k":100,"ix":2},"o":{"a":0,"k":0,"ix":3},"m":1,"ix":4,"nm":"Trim Paths 1","mn":"ADBE Vector Filter - Trim","hd":false},{"ty":"tr","p":{"a":0,"k":[0,0],"ix":2},"a":{"a":0,"k":[0,0],"ix":1},"s":{"a":0,"k":[100,100],"ix":3},"r":{"a":0,"k":0,"ix":6},"o":{"a":0,"k":100,"ix":7},"sk":{"a":0,"k":0,"ix":4},"sa":{"a":0,"k":0,"ix":5},"nm":"Transform"}],"nm":"Shape 2","np":4,"cix":2,"bm":0,"ix":1,"mn":"ADBE Vector Group","hd":false},{"ty":"gr","it":[{"ind":0,"ty":"sh","ix":1,"ks":{"a":0,"k":{"i":[[36.308,-9.629],[0,0]],"o":[[-36.308,9.629],[0,0]],"v":[[120,90],[43,90]],"c":false},"ix":2},"nm":"Path 1","mn":"ADBE Vector Shape - Group","hd":false},{"ty":"st","c":{"a":0,"k":[1,0.364705882353,0.141176470588,1],"ix":3},"o":{"a":0,"k":100,"ix":4},"w":{"a":0,"k":26,"ix":5},"lc":2,"lj":1,"ml":4,"bm":0,"nm":"Stroke 1","mn":"ADBE Vector Graphic - Stroke","hd":false},{"ty":"tm","s":{"a":0,"k":33,"ix":1},"e":{"a":0,"k":100,"ix":2},"o":{"a":0,"k":0,"ix":3},"m":1,"ix":4,"nm":"Trim Paths 1","mn":"ADBE Vector Filter - Trim","hd":false},{"ty":"tr","p":{"a":0,"k":[0,0],"ix":2},"a":{"a":0,"k":[0,0],"ix":1},"s":{"a":0,"k":[100,100],"ix":3},"r":{"a":0,"k":0,"ix":6},"o":{"a":0,"k":100,"ix":7},"sk":{"a":0,"k":0,"ix":4},"sa":{"a":0,"k":0,"ix":5},"nm":"Transform"}],"nm":"Shape 1","np":4,"cix":2,"bm":0,"ix":2,"mn":"ADBE Vector Group","hd":false}],"ip":0,"op":484,"st":4,"bm":0}],"markers":[]}